﻿<?xml version="1.0" encoding="utf-8" standalone="yes"?>
<addon id="script.service.tpms" name="Tire Pressure Monitoring System" version="1.0.0" provider-name="harryberlin">
  <requires>
    <import addon="xbmc.python" version="2.1.0" />
    <import_off addon="script.module.pyserial" version="3.4" />
  </requires>
  <extension point="xbmc.python.script" library="default_tpms.py" />
  <extension point="xbmc.service" start="login" library="service_tpms.py" />
  <extension point="xbmc.addon.metadata">
    <platform>linux windx</platform>
    <license>GNU GENERAL PUBLIC LICENSE Version 3, 29 June 2007</license>
    <summary lang="en">Tpms Addon for USB TY05N</summary>
    <description lang="en">Addon for serial protocol analysis of TY05N Devices. [CR]THX to https://github.com/tomaskovacik/TPMS_sensor_receiver_serial_protocol.</description>
    <forum>www.tpms.net.released.yet</forum>
    <email>debug.ibuscommunicator@gmx.de</email>
    <source>not released at the moment</source>
    <assets>
      <icon>icon.png</icon>
      <fanart>fanart.jpg</fanart>
      <screenshot></screenshot>
    </assets>
  </extension>
</addon>